sample	chrom	start	end	loc	logR
RP-1532_PCProject_0008_BLOOD_v1_WGS_OnPrem	X	4000001	5000000	4500000.5	-0.0213
RP-1532_PCProject_0008_BLOOD_v1_WGS_OnPrem	X	5000001	6000000	5500000.5	-0.0438
RP-1532_PCProject_0008_BLOOD_v1_WGS_OnPrem	X	6000001	7000000	6500000.5	0.0052
RP-1532_PCProject_0008_BLOOD_v1_WGS_OnPrem	X	7000001	8000000	7500000.5	
RP-1532_PCProject_0008_BLOOD_v1_WGS_OnPrem	X	8000001	9000000	8500000.5	0.0013
RP-1532_PCProject_0008_BLOOD_v1_WGS_OnPrem	X	9000001	10000000	9500000.5	-0.0273
RP-1532_PCProject_0008_BLOOD_v1_WGS_OnPrem	X	10000001	11000000	10500000.5	
RP-1532_PCProject_0008_BLOOD_v1_WGS_OnPrem	X	11000001	12000000	11500000.5	0.0291
RP-1532_PCProject_0008_BLOOD_v1_WGS_OnPrem	X	12000001	13000000	12500000.5	-0.0219
RP-1532_PCProject_0008_BLOOD_v1_WGS_OnPrem	X	13000001	14000000	13500000.5	0.0057
RP-1532_PCProject_0008_BLOOD_v1_WGS_OnPrem	X	14000001	15000000	14500000.5	-0.0051
RP-1532_PCProject_0008_BLOOD_v1_WGS_OnPrem	X	15000001	16000000	15500000.5	-0.0377
RP-1532_PCProject_0008_BLOOD_v1_WGS_OnPrem	X	16000001	17000000	16500000.5	-0.0345
RP-1532_PCProject_0008_BLOOD_v1_WGS_OnPrem	X	17000001	18000000	17500000.5	0.0199
RP-1532_PCProject_0008_BLOOD_v1_WGS_OnPrem	X	18000001	19000000	18500000.5	0.0161
RP-1532_PCProject_0008_BLOOD_v1_WGS_OnPrem	X	19000001	20000000	19500000.5	-0.0214
RP-1532_PCProject_0008_BLOOD_v1_WGS_OnPrem	X	20000001	21000000	20500000.5	-0.0175
RP-1532_PCProject_0008_BLOOD_v1_WGS_OnPrem	X	21000001	22000000	21500000.5	-0.0106
RP-1532_PCProject_0008_BLOOD_v1_WGS_OnPrem	X	22000001	23000000	22500000.5	0.0146
RP-1532_PCProject_0008_BLOOD_v1_WGS_OnPrem	X	23000001	24000000	23500000.5	-0.0103
RP-1532_PCProject_0008_BLOOD_v1_WGS_OnPrem	X	24000001	25000000	24500000.5	0.0375
RP-1532_PCProject_0008_BLOOD_v1_WGS_OnPrem	X	25000001	26000000	25500000.5	0.0224
RP-1532_PCProject_0008_BLOOD_v1_WGS_OnPrem	X	26000001	27000000	26500000.5	0.008
RP-1532_PCProject_0008_BLOOD_v1_WGS_OnPrem	X	27000001	28000000	27500000.5	0.0351
RP-1532_PCProject_0008_BLOOD_v1_WGS_OnPrem	X	28000001	29000000	28500000.5	-0.0128
RP-1532_PCProject_0008_BLOOD_v1_WGS_OnPrem	X	29000001	30000000	29500000.5	0.0442
RP-1532_PCProject_0008_BLOOD_v1_WGS_OnPrem	X	30000001	31000000	30500000.5	0.0051
RP-1532_PCProject_0008_BLOOD_v1_WGS_OnPrem	X	31000001	32000000	31500000.5	-0.0167
RP-1532_PCProject_0008_BLOOD_v1_WGS_OnPrem	X	32000001	33000000	32500000.5	0.0326
RP-1532_PCProject_0008_BLOOD_v1_WGS_OnPrem	X	33000001	34000000	33500000.5	0.0301
RP-1532_PCProject_0008_BLOOD_v1_WGS_OnPrem	X	34000001	35000000	34500000.5	0.0118
RP-1532_PCProject_0008_BLOOD_v1_WGS_OnPrem	X	35000001	36000000	35500000.5	0.0165
RP-1532_PCProject_0008_BLOOD_v1_WGS_OnPrem	X	36000001	37000000	36500000.5	-0.0248
RP-1532_PCProject_0008_BLOOD_v1_WGS_OnPrem	X	38000001	39000000	38500000.5	-0.0273
RP-1532_PCProject_0008_BLOOD_v1_WGS_OnPrem	X	39000001	40000000	39500000.5	0.01
RP-1532_PCProject_0008_BLOOD_v1_WGS_OnPrem	X	40000001	41000000	40500000.5	-0.0159
RP-1532_PCProject_0008_BLOOD_v1_WGS_OnPrem	X	41000001	42000000	41500000.5	0.0301
RP-1532_PCProject_0008_BLOOD_v1_WGS_OnPrem	X	42000001	43000000	42500000.5	0.0322
RP-1532_PCProject_0008_BLOOD_v1_WGS_OnPrem	X	43000001	44000000	43500000.5	0.0139
RP-1532_PCProject_0008_BLOOD_v1_WGS_OnPrem	X	44000001	45000000	44500000.5	-0.0448
RP-1532_PCProject_0008_BLOOD_v1_WGS_OnPrem	X	45000001	46000000	45500000.5	-0.004
RP-1532_PCProject_0008_BLOOD_v1_WGS_OnPrem	X	46000001	47000000	46500000.5	0.0126
RP-1532_PCProject_0008_BLOOD_v1_WGS_OnPrem	X	47000001	48000000	47500000.5	-0.0618
RP-1532_PCProject_0008_BLOOD_v1_WGS_OnPrem	X	48000001	49000000	48500000.5	-0.0409
RP-1532_PCProject_0008_BLOOD_v1_WGS_OnPrem	X	50000001	51000000	50500000.5	
RP-1532_PCProject_0008_BLOOD_v1_WGS_OnPrem	X	53000001	54000000	53500000.5	-0.0328
RP-1532_PCProject_0008_BLOOD_v1_WGS_OnPrem	X	54000001	55000000	54500000.5	0.0021
RP-1532_PCProject_0008_BLOOD_v1_WGS_OnPrem	X	57000001	58000000	57500000.5	0.0207
RP-1532_PCProject_0008_BLOOD_v1_WGS_OnPrem	X	64000001	65000000	64500000.5	0.1507
RP-1532_PCProject_0008_BLOOD_v1_WGS_OnPrem	X	65000001	66000000	65500000.5	0.1891
RP-1532_PCProject_0008_BLOOD_v1_WGS_OnPrem	X	66000001	67000000	66500000.5	0.207
RP-1532_PCProject_0008_BLOOD_v1_WGS_OnPrem	X	67000001	68000000	67500000.5	0.0504
RP-1532_PCProject_0008_BLOOD_v1_WGS_OnPrem	X	68000001	69000000	68500000.5	-0.0045
RP-1532_PCProject_0008_BLOOD_v1_WGS_OnPrem	X	69000001	70000000	69500000.5	0.0078
RP-1532_PCProject_0008_BLOOD_v1_WGS_OnPrem	X	70000001	71000000	70500000.5	-0.0031
RP-1532_PCProject_0008_BLOOD_v1_WGS_OnPrem	X	71000001	72000000	71500000.5	-0.0057
RP-1532_PCProject_0008_BLOOD_v1_WGS_OnPrem	X	73000001	74000000	73500000.5	0.0039
RP-1532_PCProject_0008_BLOOD_v1_WGS_OnPrem	X	77000001	78000000	77500000.5	0.0061
RP-1532_PCProject_0008_BLOOD_v1_WGS_OnPrem	X	78000001	79000000	78500000.5	0.014
RP-1532_PCProject_0008_BLOOD_v1_WGS_OnPrem	X	79000001	80000000	79500000.5	0.0325
RP-1532_PCProject_0008_BLOOD_v1_WGS_OnPrem	X	80000001	81000000	80500000.5	-0.0023
RP-1532_PCProject_0008_BLOOD_v1_WGS_OnPrem	X	81000001	82000000	81500000.5	0.0124
RP-1532_PCProject_0008_BLOOD_v1_WGS_OnPrem	X	82000001	83000000	82500000.5	-0.0187
RP-1532_PCProject_0008_BLOOD_v1_WGS_OnPrem	X	83000001	84000000	83500000.5	0.0228
RP-1532_PCProject_0008_BLOOD_v1_WGS_OnPrem	X	84000001	85000000	84500000.5	0.0007
RP-1532_PCProject_0008_BLOOD_v1_WGS_OnPrem	X	85000001	86000000	85500000.5	-0.0128
RP-1532_PCProject_0008_BLOOD_v1_WGS_OnPrem	X	86000001	87000000	86500000.5	0.0386
RP-1532_PCProject_0008_BLOOD_v1_WGS_OnPrem	X	87000001	88000000	87500000.5	0.0014
RP-1532_PCProject_0008_BLOOD_v1_WGS_OnPrem	X	93000001	94000000	93500000.5	-0.0003
RP-1532_PCProject_0008_BLOOD_v1_WGS_OnPrem	X	94000001	95000000	94500000.5	0.0334
RP-1532_PCProject_0008_BLOOD_v1_WGS_OnPrem	X	95000001	96000000	95500000.5	-0.0328
RP-1532_PCProject_0008_BLOOD_v1_WGS_OnPrem	X	96000001	97000000	96500000.5	-0.0101
RP-1532_PCProject_0008_BLOOD_v1_WGS_OnPrem	X	97000001	98000000	97500000.5	0.028
RP-1532_PCProject_0008_BLOOD_v1_WGS_OnPrem	X	98000001	99000000	98500000.5	-0.0082
RP-1532_PCProject_0008_BLOOD_v1_WGS_OnPrem	X	99000001	100000000	99500000.5	0.0128
RP-1532_PCProject_0008_BLOOD_v1_WGS_OnPrem	X	100000001	101000000	100500000.5	-0.0547
RP-1532_PCProject_0008_BLOOD_v1_WGS_OnPrem	X	102000001	103000000	102500000.5	0.0201
RP-1532_PCProject_0008_BLOOD_v1_WGS_OnPrem	X	103000001	104000000	103500000.5	0.0584
RP-1532_PCProject_0008_BLOOD_v1_WGS_OnPrem	X	104000001	105000000	104500000.5	0.008
RP-1532_PCProject_0008_BLOOD_v1_WGS_OnPrem	X	105000001	106000000	105500000.5	0.0181
RP-1532_PCProject_0008_BLOOD_v1_WGS_OnPrem	X	106000001	107000000	106500000.5	0.0222
RP-1532_PCProject_0008_BLOOD_v1_WGS_OnPrem	X	107000001	108000000	107500000.5	-0.0013
RP-1532_PCProject_0008_BLOOD_v1_WGS_OnPrem	X	108000001	109000000	108500000.5	0.0223
RP-1532_PCProject_0008_BLOOD_v1_WGS_OnPrem	X	109000001	110000000	109500000.5	-0.0143
RP-1532_PCProject_0008_BLOOD_v1_WGS_OnPrem	X	110000001	111000000	110500000.5	0.0326
RP-1532_PCProject_0008_BLOOD_v1_WGS_OnPrem	X	111000001	112000000	111500000.5	-0.0009
RP-1532_PCProject_0008_BLOOD_v1_WGS_OnPrem	X	112000001	113000000	112500000.5	-0.0056
RP-1532_PCProject_0008_BLOOD_v1_WGS_OnPrem	X	113000001	114000000	113500000.5	
RP-1532_PCProject_0008_BLOOD_v1_WGS_OnPrem	X	114000001	115000000	114500000.5	0.0144
RP-1532_PCProject_0008_BLOOD_v1_WGS_OnPrem	X	116000001	117000000	116500000.5	-0.0069
RP-1532_PCProject_0008_BLOOD_v1_WGS_OnPrem	X	117000001	118000000	117500000.5	-0.0587
RP-1532_PCProject_0008_BLOOD_v1_WGS_OnPrem	X	118000001	119000000	118500000.5	-0.0344
RP-1532_PCProject_0008_BLOOD_v1_WGS_OnPrem	X	119000001	120000000	119500000.5	-0.0686
RP-1532_PCProject_0008_BLOOD_v1_WGS_OnPrem	X	121000001	122000000	121500000.5	0.0073
RP-1532_PCProject_0008_BLOOD_v1_WGS_OnPrem	X	122000001	123000000	122500000.5	-0.0413
RP-1532_PCProject_0008_BLOOD_v1_WGS_OnPrem	X	123000001	124000000	123500000.5	0.0118
RP-1532_PCProject_0008_BLOOD_v1_WGS_OnPrem	X	124000001	125000000	124500000.5	-0.016
RP-1532_PCProject_0008_BLOOD_v1_WGS_OnPrem	X	125000001	126000000	125500000.5	-0.0136
RP-1532_PCProject_0008_BLOOD_v1_WGS_OnPrem	X	126000001	127000000	126500000.5	-0.0073
RP-1532_PCProject_0008_BLOOD_v1_WGS_OnPrem	X	127000001	128000000	127500000.5	0.0133
RP-1532_PCProject_0008_BLOOD_v1_WGS_OnPrem	X	128000001	129000000	128500000.5	0.0171
RP-1532_PCProject_0008_BLOOD_v1_WGS_OnPrem	X	129000001	130000000	129500000.5	0.0226
RP-1532_PCProject_0008_BLOOD_v1_WGS_OnPrem	X	130000001	131000000	130500000.5	0.0499
RP-1532_PCProject_0008_BLOOD_v1_WGS_OnPrem	X	131000001	132000000	131500000.5	0.0153
RP-1532_PCProject_0008_BLOOD_v1_WGS_OnPrem	X	132000001	133000000	132500000.5	0.0373
RP-1532_PCProject_0008_BLOOD_v1_WGS_OnPrem	X	133000001	134000000	133500000.5	0.0083
RP-1532_PCProject_0008_BLOOD_v1_WGS_OnPrem	X	135000001	136000000	135500000.5	0.0151
RP-1532_PCProject_0008_BLOOD_v1_WGS_OnPrem	X	136000001	137000000	136500000.5	0.02
RP-1532_PCProject_0008_BLOOD_v1_WGS_OnPrem	X	137000001	138000000	137500000.5	0.016
RP-1532_PCProject_0008_BLOOD_v1_WGS_OnPrem	X	138000001	139000000	138500000.5	-0.0277
RP-1532_PCProject_0008_BLOOD_v1_WGS_OnPrem	X	139000001	140000000	139500000.5	-0.0044
RP-1532_PCProject_0008_BLOOD_v1_WGS_OnPrem	X	141000001	142000000	141500000.5	0.0532
RP-1532_PCProject_0008_BLOOD_v1_WGS_OnPrem	X	142000001	143000000	142500000.5	0.0232
RP-1532_PCProject_0008_BLOOD_v1_WGS_OnPrem	X	144000001	145000000	144500000.5	0.0148
RP-1532_PCProject_0008_BLOOD_v1_WGS_OnPrem	X	145000001	146000000	145500000.5	-0.0449
RP-1532_PCProject_0008_BLOOD_v1_WGS_OnPrem	X	146000001	147000000	146500000.5	0.0344
RP-1532_PCProject_0008_BLOOD_v1_WGS_OnPrem	X	147000001	148000000	147500000.5	0.0025
RP-1532_PCProject_0008_BLOOD_v1_WGS_OnPrem	X	149000001	150000000	149500000.5	
RP-1532_PCProject_0008_BLOOD_v1_WGS_OnPrem	X	150000001	151000000	150500000.5	0.003
RP-1532_PCProject_0278_BLOOD_P_v1_WGS_OnPrem	X	4000001	5000000	4500000.5	-0.0049
RP-1532_PCProject_0278_BLOOD_P_v1_WGS_OnPrem	X	5000001	6000000	5500000.5	-0.1376
RP-1532_PCProject_0278_BLOOD_P_v1_WGS_OnPrem	X	6000001	7000000	6500000.5	-0.1554
RP-1532_PCProject_0278_BLOOD_P_v1_WGS_OnPrem	X	7000001	8000000	7500000.5	
RP-1532_PCProject_0278_BLOOD_P_v1_WGS_OnPrem	X	8000001	9000000	8500000.5	0.0022
RP-1532_PCProject_0278_BLOOD_P_v1_WGS_OnPrem	X	9000001	10000000	9500000.5	0.0797
RP-1532_PCProject_0278_BLOOD_P_v1_WGS_OnPrem	X	10000001	11000000	10500000.5	
RP-1532_PCProject_0278_BLOOD_P_v1_WGS_OnPrem	X	11000001	12000000	11500000.5	0.0276
RP-1532_PCProject_0278_BLOOD_P_v1_WGS_OnPrem	X	12000001	13000000	12500000.5	0.0205
RP-1532_PCProject_0278_BLOOD_P_v1_WGS_OnPrem	X	13000001	14000000	13500000.5	-0.0228
RP-1532_PCProject_0278_BLOOD_P_v1_WGS_OnPrem	X	14000001	15000000	14500000.5	-0.0093
RP-1532_PCProject_0278_BLOOD_P_v1_WGS_OnPrem	X	15000001	16000000	15500000.5	0.0155
RP-1532_PCProject_0278_BLOOD_P_v1_WGS_OnPrem	X	16000001	17000000	16500000.5	-0.0976
RP-1532_PCProject_0278_BLOOD_P_v1_WGS_OnPrem	X	17000001	18000000	17500000.5	-0.0094
RP-1532_PCProject_0278_BLOOD_P_v1_WGS_OnPrem	X	18000001	19000000	18500000.5	0.0551
RP-1532_PCProject_0278_BLOOD_P_v1_WGS_OnPrem	X	19000001	20000000	19500000.5	0.0172
RP-1532_PCProject_0278_BLOOD_P_v1_WGS_OnPrem	X	20000001	21000000	20500000.5	-0.1199
RP-1532_PCProject_0278_BLOOD_P_v1_WGS_OnPrem	X	21000001	22000000	21500000.5	0.0331
RP-1532_PCProject_0278_BLOOD_P_v1_WGS_OnPrem	X	22000001	23000000	22500000.5	0.0157
RP-1532_PCProject_0278_BLOOD_P_v1_WGS_OnPrem	X	23000001	24000000	23500000.5	-0.0653
RP-1532_PCProject_0278_BLOOD_P_v1_WGS_OnPrem	X	24000001	25000000	24500000.5	0.108
RP-1532_PCProject_0278_BLOOD_P_v1_WGS_OnPrem	X	25000001	26000000	25500000.5	0.0376
RP-1532_PCProject_0278_BLOOD_P_v1_WGS_OnPrem	X	26000001	27000000	26500000.5	0.0066
RP-1532_PCProject_0278_BLOOD_P_v1_WGS_OnPrem	X	27000001	28000000	27500000.5	-0.0775
RP-1532_PCProject_0278_BLOOD_P_v1_WGS_OnPrem	X	28000001	29000000	28500000.5	0.0529
RP-1532_PCProject_0278_BLOOD_P_v1_WGS_OnPrem	X	29000001	30000000	29500000.5	-0.0249
RP-1532_PCProject_0278_BLOOD_P_v1_WGS_OnPrem	X	30000001	31000000	30500000.5	-0.0246
RP-1532_PCProject_0278_BLOOD_P_v1_WGS_OnPrem	X	31000001	32000000	31500000.5	0.0369
RP-1532_PCProject_0278_BLOOD_P_v1_WGS_OnPrem	X	32000001	33000000	32500000.5	0.0691
RP-1532_PCProject_0278_BLOOD_P_v1_WGS_OnPrem	X	33000001	34000000	33500000.5	-0.0591
RP-1532_PCProject_0278_BLOOD_P_v1_WGS_OnPrem	X	34000001	35000000	34500000.5	0.0157
RP-1532_PCProject_0278_BLOOD_P_v1_WGS_OnPrem	X	35000001	36000000	35500000.5	-0.041
RP-1532_PCProject_0278_BLOOD_P_v1_WGS_OnPrem	X	36000001	37000000	36500000.5	-0.0067
RP-1532_PCProject_0278_BLOOD_P_v1_WGS_OnPrem	X	38000001	39000000	38500000.5	-0.0066
RP-1532_PCProject_0278_BLOOD_P_v1_WGS_OnPrem	X	39000001	40000000	39500000.5	-0.0471
RP-1532_PCProject_0278_BLOOD_P_v1_WGS_OnPrem	X	40000001	41000000	40500000.5	0.018
RP-1532_PCProject_0278_BLOOD_P_v1_WGS_OnPrem	X	41000001	42000000	41500000.5	-0.0634
RP-1532_PCProject_0278_BLOOD_P_v1_WGS_OnPrem	X	42000001	43000000	42500000.5	-0.0337
RP-1532_PCProject_0278_BLOOD_P_v1_WGS_OnPrem	X	43000001	44000000	43500000.5	-0.0726
RP-1532_PCProject_0278_BLOOD_P_v1_WGS_OnPrem	X	44000001	45000000	44500000.5	0.0979
RP-1532_PCProject_0278_BLOOD_P_v1_WGS_OnPrem	X	45000001	46000000	45500000.5	-0.0148
RP-1532_PCProject_0278_BLOOD_P_v1_WGS_OnPrem	X	46000001	47000000	46500000.5	0.0761
RP-1532_PCProject_0278_BLOOD_P_v1_WGS_OnPrem	X	47000001	48000000	47500000.5	0.0751
RP-1532_PCProject_0278_BLOOD_P_v1_WGS_OnPrem	X	48000001	49000000	48500000.5	0.0583
RP-1532_PCProject_0278_BLOOD_P_v1_WGS_OnPrem	X	50000001	51000000	50500000.5	
RP-1532_PCProject_0278_BLOOD_P_v1_WGS_OnPrem	X	53000001	54000000	53500000.5	0.0044
RP-1532_PCProject_0278_BLOOD_P_v1_WGS_OnPrem	X	54000001	55000000	54500000.5	0.0601
RP-1532_PCProject_0278_BLOOD_P_v1_WGS_OnPrem	X	57000001	58000000	57500000.5	-0.0108
RP-1532_PCProject_0278_BLOOD_P_v1_WGS_OnPrem	X	64000001	65000000	64500000.5	0.0706
RP-1532_PCProject_0278_BLOOD_P_v1_WGS_OnPrem	X	65000001	66000000	65500000.5	0.3203
RP-1532_PCProject_0278_BLOOD_P_v1_WGS_OnPrem	X	66000001	67000000	66500000.5	0.5695
RP-1532_PCProject_0278_BLOOD_P_v1_WGS_OnPrem	X	67000001	68000000	67500000.5	0.6317
RP-1532_PCProject_0278_BLOOD_P_v1_WGS_OnPrem	X	68000001	69000000	68500000.5	-0.0005
RP-1532_PCProject_0278_BLOOD_P_v1_WGS_OnPrem	X	69000001	70000000	69500000.5	0.0485
RP-1532_PCProject_0278_BLOOD_P_v1_WGS_OnPrem	X	70000001	71000000	70500000.5	0.0844
RP-1532_PCProject_0278_BLOOD_P_v1_WGS_OnPrem	X	71000001	72000000	71500000.5	0.0117
RP-1532_PCProject_0278_BLOOD_P_v1_WGS_OnPrem	X	73000001	74000000	73500000.5	0.0661
RP-1532_PCProject_0278_BLOOD_P_v1_WGS_OnPrem	X	77000001	78000000	77500000.5	-0.0424
RP-1532_PCProject_0278_BLOOD_P_v1_WGS_OnPrem	X	78000001	79000000	78500000.5	-0.105
RP-1532_PCProject_0278_BLOOD_P_v1_WGS_OnPrem	X	79000001	80000000	79500000.5	0.0366
RP-1532_PCProject_0278_BLOOD_P_v1_WGS_OnPrem	X	80000001	81000000	80500000.5	-0.097
RP-1532_PCProject_0278_BLOOD_P_v1_WGS_OnPrem	X	81000001	82000000	81500000.5	0.0321
RP-1532_PCProject_0278_BLOOD_P_v1_WGS_OnPrem	X	82000001	83000000	82500000.5	-0.0047
RP-1532_PCProject_0278_BLOOD_P_v1_WGS_OnPrem	X	83000001	84000000	83500000.5	0.0509
RP-1532_PCProject_0278_BLOOD_P_v1_WGS_OnPrem	X	84000001	85000000	84500000.5	-0.1647
RP-1532_PCProject_0278_BLOOD_P_v1_WGS_OnPrem	X	85000001	86000000	85500000.5	0.0953
RP-1532_PCProject_0278_BLOOD_P_v1_WGS_OnPrem	X	86000001	87000000	86500000.5	-0.0174
RP-1532_PCProject_0278_BLOOD_P_v1_WGS_OnPrem	X	87000001	88000000	87500000.5	-0.0307
RP-1532_PCProject_0278_BLOOD_P_v1_WGS_OnPrem	X	93000001	94000000	93500000.5	0.0503
RP-1532_PCProject_0278_BLOOD_P_v1_WGS_OnPrem	X	94000001	95000000	94500000.5	0.1027
RP-1532_PCProject_0278_BLOOD_P_v1_WGS_OnPrem	X	95000001	96000000	95500000.5	-0.11
RP-1532_PCProject_0278_BLOOD_P_v1_WGS_OnPrem	X	96000001	97000000	96500000.5	0.0309
RP-1532_PCProject_0278_BLOOD_P_v1_WGS_OnPrem	X	97000001	98000000	97500000.5	-0.1089
RP-1532_PCProject_0278_BLOOD_P_v1_WGS_OnPrem	X	98000001	99000000	98500000.5	-0.0452
RP-1532_PCProject_0278_BLOOD_P_v1_WGS_OnPrem	X	99000001	100000000	99500000.5	-0.1845
RP-1532_PCProject_0278_BLOOD_P_v1_WGS_OnPrem	X	100000001	101000000	100500000.5	-0.1493
RP-1532_PCProject_0278_BLOOD_P_v1_WGS_OnPrem	X	102000001	103000000	102500000.5	-0.0172
RP-1532_PCProject_0278_BLOOD_P_v1_WGS_OnPrem	X	103000001	104000000	103500000.5	0.0858
RP-1532_PCProject_0278_BLOOD_P_v1_WGS_OnPrem	X	104000001	105000000	104500000.5	-0.0766
RP-1532_PCProject_0278_BLOOD_P_v1_WGS_OnPrem	X	105000001	106000000	105500000.5	0.0787
RP-1532_PCProject_0278_BLOOD_P_v1_WGS_OnPrem	X	106000001	107000000	106500000.5	0.0758
RP-1532_PCProject_0278_BLOOD_P_v1_WGS_OnPrem	X	107000001	108000000	107500000.5	0.0476
RP-1532_PCProject_0278_BLOOD_P_v1_WGS_OnPrem	X	108000001	109000000	108500000.5	0.0392
RP-1532_PCProject_0278_BLOOD_P_v1_WGS_OnPrem	X	109000001	110000000	109500000.5	-0.0302
RP-1532_PCProject_0278_BLOOD_P_v1_WGS_OnPrem	X	110000001	111000000	110500000.5	-0.0862
RP-1532_PCProject_0278_BLOOD_P_v1_WGS_OnPrem	X	111000001	112000000	111500000.5	-0.0398
RP-1532_PCProject_0278_BLOOD_P_v1_WGS_OnPrem	X	112000001	113000000	112500000.5	0.0238
RP-1532_PCProject_0278_BLOOD_P_v1_WGS_OnPrem	X	113000001	114000000	113500000.5	
RP-1532_PCProject_0278_BLOOD_P_v1_WGS_OnPrem	X	114000001	115000000	114500000.5	-0.0257
RP-1532_PCProject_0278_BLOOD_P_v1_WGS_OnPrem	X	116000001	117000000	116500000.5	-0.1573
RP-1532_PCProject_0278_BLOOD_P_v1_WGS_OnPrem	X	117000001	118000000	117500000.5	0.0333
RP-1532_PCProject_0278_BLOOD_P_v1_WGS_OnPrem	X	118000001	119000000	118500000.5	-0.0702
RP-1532_PCProject_0278_BLOOD_P_v1_WGS_OnPrem	X	119000001	120000000	119500000.5	-0.0508
RP-1532_PCProject_0278_BLOOD_P_v1_WGS_OnPrem	X	121000001	122000000	121500000.5	0.011
RP-1532_PCProject_0278_BLOOD_P_v1_WGS_OnPrem	X	122000001	123000000	122500000.5	-0.0797
RP-1532_PCProject_0278_BLOOD_P_v1_WGS_OnPrem	X	123000001	124000000	123500000.5	0.1043
RP-1532_PCProject_0278_BLOOD_P_v1_WGS_OnPrem	X	124000001	125000000	124500000.5	-0.045
RP-1532_PCProject_0278_BLOOD_P_v1_WGS_OnPrem	X	125000001	126000000	125500000.5	0.0086
RP-1532_PCProject_0278_BLOOD_P_v1_WGS_OnPrem	X	126000001	127000000	126500000.5	-0.1895
RP-1532_PCProject_0278_BLOOD_P_v1_WGS_OnPrem	X	127000001	128000000	127500000.5	-0.1954
RP-1532_PCProject_0278_BLOOD_P_v1_WGS_OnPrem	X	128000001	129000000	128500000.5	-0.0068
RP-1532_PCProject_0278_BLOOD_P_v1_WGS_OnPrem	X	129000001	130000000	129500000.5	0.0177
RP-1532_PCProject_0278_BLOOD_P_v1_WGS_OnPrem	X	130000001	131000000	130500000.5	0.1384
RP-1532_PCProject_0278_BLOOD_P_v1_WGS_OnPrem	X	131000001	132000000	131500000.5	0.0174
RP-1532_PCProject_0278_BLOOD_P_v1_WGS_OnPrem	X	132000001	133000000	132500000.5	-0.0099
RP-1532_PCProject_0278_BLOOD_P_v1_WGS_OnPrem	X	133000001	134000000	133500000.5	-0.0381
RP-1532_PCProject_0278_BLOOD_P_v1_WGS_OnPrem	X	135000001	136000000	135500000.5	-0.0283
RP-1532_PCProject_0278_BLOOD_P_v1_WGS_OnPrem	X	136000001	137000000	136500000.5	-0.0099
RP-1532_PCProject_0278_BLOOD_P_v1_WGS_OnPrem	X	137000001	138000000	137500000.5	0.0497
RP-1532_PCProject_0278_BLOOD_P_v1_WGS_OnPrem	X	138000001	139000000	138500000.5	-0.0252
RP-1532_PCProject_0278_BLOOD_P_v1_WGS_OnPrem	X	139000001	140000000	139500000.5	0.1173
RP-1532_PCProject_0278_BLOOD_P_v1_WGS_OnPrem	X	141000001	142000000	141500000.5	0.1051
RP-1532_PCProject_0278_BLOOD_P_v1_WGS_OnPrem	X	142000001	143000000	142500000.5	-0.0107
RP-1532_PCProject_0278_BLOOD_P_v1_WGS_OnPrem	X	144000001	145000000	144500000.5	-0.0113
RP-1532_PCProject_0278_BLOOD_P_v1_WGS_OnPrem	X	145000001	146000000	145500000.5	-0.0355
RP-1532_PCProject_0278_BLOOD_P_v1_WGS_OnPrem	X	146000001	147000000	146500000.5	0.1249
RP-1532_PCProject_0278_BLOOD_P_v1_WGS_OnPrem	X	147000001	148000000	147500000.5	-0.1257
RP-1532_PCProject_0278_BLOOD_P_v1_WGS_OnPrem	X	149000001	150000000	149500000.5	
RP-1532_PCProject_0278_BLOOD_P_v1_WGS_OnPrem	X	150000001	151000000	150500000.5	-0.1073
